long,lat,unique_squirrel_id,hectare,shift,date,hectare_squirrel_number,age,primary_fur_color,highlight_fur_color,combination_of_primary_and_highlight_color,color_notes,location,above_ground_sighter_measurement,specific_location,running,chasing,climbing,eating,foraging,other_activities,kuks,quaas,moans,tail_flags,tail_twitches,approaches,indifferent,runs_from,other_interactions,lat_long,zip_codes,community_districts,borough_boundaries,city_council_districts,police_precincts
-73.9676692772518,40.7764726688908,15G-AM-1008-03,15G,AM,10082018,3,Adult,Gray,NA,Gray+,NA,Ground Plane,FALSE,NA,FALSE,TRUE,FALSE,FALSE,FALSE,NA,TRUE,FALSE,FALSE,FALSE,FALSE,FALSE,FALSE,FALSE,NA,POINT (-73.9676692772518 40.7764726688908),NA,19,4,19,13
-73.9760256477558,40.7703573131398,5D-AM-1020-02,05D,AM,10202018,2,Adult,Gray,Cinnamon,Gray+Cinnamon,NA,Ground Plane,FALSE,NA,FALSE,FALSE,TRUE,FALSE,TRUE,small jumps,FALSE,FALSE,FALSE,FALSE,FALSE,FALSE,FALSE,FALSE,NA,POINT (-73.9760256477558 40.7703573131398),NA,19,4,19,13
-73.954595058342,40.7956567934304,39F-AM-1014-04,39F,AM,10142018,4,Juvenile,Gray,Cinnamon,Gray+Cinnamon,NA,Ground Plane,FALSE,NA,FALSE,FALSE,FALSE,FALSE,TRUE,NA,FALSE,FALSE,FALSE,FALSE,FALSE,FALSE,TRUE,FALSE,NA,POINT (-73.954595058342 40.7956567934304),NA,19,4,19,13
-73.9715921982161,40.7746153066601,11E-PM-1012-06,11E,PM,10122018,6,Adult,Gray,"Cinnamon, White","Gray+Cinnamon, White",Gray & Cinnamon selected as Primary. White selected as Highlights. Made executive adjustments.,Above Ground,5,NA,FALSE,FALSE,TRUE,TRUE,FALSE,NA,FALSE,FALSE,FALSE,FALSE,FALSE,FALSE,TRUE,FALSE,NA,POINT (-73.9715921982161 40.7746153066601),NA,19,4,19,13
-73.9555255950648,40.7977720808005,40D-AM-1013-04,40D,AM,10132018,4,Adult,Gray,Cinnamon,Gray+Cinnamon,Gray & Cinnamon selected as Primary. Nothing selected as Highlights. Made executive adjustments.,Ground Plane,FALSE,NA,FALSE,FALSE,FALSE,TRUE,TRUE,NA,FALSE,FALSE,FALSE,FALSE,FALSE,FALSE,TRUE,FALSE,NA,POINT (-73.9555255950648 40.7977720808005),NA,19,4,19,13
-73.9647904085226,40.7911589002217,30A-PM-1020-02,30A,PM,10202018,2,Adult,Gray,"Cinnamon, White","Gray+Cinnamon, White",Cinnamon back. Gray & Cinnamon selected as Primary. White selected as Highlights. Made executive adjustments.,Ground Plane,FALSE,Rock,FALSE,FALSE,FALSE,TRUE,FALSE,NA,FALSE,FALSE,FALSE,FALSE,FALSE,FALSE,FALSE,TRUE,NA,POINT (-73.9647904085226 40.7911589002217),NA,19,4,19,13
-73.9710541405708,40.7724691605718,10F-PM-1019-05,10F,PM,10192018,5,Adult,Black,NA,Black+,NA,Above Ground,10,"Behind fence, tree",FALSE,FALSE,TRUE,FALSE,FALSE,NA,FALSE,FALSE,FALSE,FALSE,FALSE,FALSE,TRUE,FALSE,NA,POINT (-73.9710541405708 40.7724691605718),NA,19,4,19,13
-73.9672413354558,40.7838116138235,22C-PM-1006-03,22C,PM,10062018,3,Adult,Gray,NA,Gray+,NA,Ground Plane,FALSE,NA,TRUE,FALSE,FALSE,FALSE,FALSE,NA,FALSE,FALSE,FALSE,FALSE,FALSE,FALSE,FALSE,FALSE,NA,POINT (-73.9672413354558 40.7838116138235),NA,19,4,19,13
-73.9693465383617,40.7744996336934,12F-PM-1007-01,12F,PM,10072018,1,Adult,Cinnamon,Gray,Cinnamon+Gray,NA,Ground Plane,FALSE,NA,FALSE,FALSE,FALSE,TRUE,TRUE,NA,FALSE,FALSE,FALSE,FALSE,FALSE,FALSE,FALSE,TRUE,NA,POINT (-73.9693465383617 40.7744996336934),NA,19,4,19,13
-73.9542990150586,40.7940915300678,37G-PM-1007-09,37G,PM,10072018,9,Adult,Cinnamon,White,Cinnamon+White,NA,NA,NA,NA,FALSE,FALSE,FALSE,FALSE,TRUE,NA,FALSE,FALSE,FALSE,FALSE,FALSE,FALSE,FALSE,FALSE,NA,POINT (-73.9542990150586 40.7940915300678),NA,19,4,19,13
-73.9556218199258,40.7980460204041,41D-PM-1014-01,41D,PM,10142018,1,Adult,Gray,Cinnamon,Gray+Cinnamon,NA,Ground Plane,FALSE,NA,FALSE,FALSE,FALSE,TRUE,FALSE,"digging,drinking",FALSE,FALSE,FALSE,FALSE,FALSE,FALSE,FALSE,TRUE,NA,POINT (-73.9556218199258 40.7980460204041),NA,19,4,19,13
-73.969532160039,40.7822616641357,20B-PM-1013-01,20B,PM,10132018,1,Adult,Gray,White,Gray+White,NA,Ground Plane,FALSE,NA,FALSE,FALSE,FALSE,FALSE,TRUE,NA,FALSE,FALSE,FALSE,FALSE,FALSE,FALSE,FALSE,FALSE,NA,POINT (-73.969532160039 40.7822616641357),NA,19,4,19,13
-73.9673243699918,40.7875392957722,26A-AM-1014-01,26A,AM,10142018,1,NA,Gray,Cinnamon,Gray+Cinnamon,NA,Ground Plane,FALSE,NA,FALSE,TRUE,FALSE,FALSE,TRUE,NA,FALSE,FALSE,FALSE,FALSE,FALSE,FALSE,FALSE,FALSE,could not get close due to fences,POINT (-73.9673243699918 40.7875392957722),NA,19,4,19,13
-73.9713519158027,40.7798470142991,17B-AM-1010-01,17B,AM,10102018,1,Adult,Gray,Cinnamon,Gray+Cinnamon,NA,Ground Plane,FALSE,NA,FALSE,FALSE,FALSE,TRUE,FALSE,NA,FALSE,FALSE,FALSE,FALSE,TRUE,FALSE,TRUE,FALSE,NA,POINT (-73.9713519158027 40.7798470142991),NA,19,4,19,13
-73.9635689059841,40.790163434915,30B-PM-1019-03,30B,PM,10192018,3,Adult,Gray,Black,Gray+Black,NA,Above Ground,10,NA,FALSE,FALSE,TRUE,FALSE,FALSE,NA,FALSE,FALSE,FALSE,FALSE,FALSE,FALSE,FALSE,FALSE,NA,POINT (-73.9635689059841 40.790163434915),NA,19,4,19,13
-73.9669366401071,40.7836023897982,22C-PM-1006-09,22C,PM,10062018,9,Adult,Gray,NA,Gray+,NA,Ground Plane,FALSE,NA,TRUE,FALSE,FALSE,FALSE,FALSE,NA,FALSE,TRUE,FALSE,FALSE,FALSE,FALSE,FALSE,FALSE,NA,POINT (-73.96693664010711 40.7836023897982),NA,19,4,19,13
-73.9586085843149,40.7946617684536,36C-AM-1014-03,36C,AM,10142018,3,NA,Gray,NA,Gray+,NA,Ground Plane,FALSE,NA,FALSE,FALSE,FALSE,FALSE,TRUE,NA,FALSE,FALSE,FALSE,FALSE,FALSE,FALSE,FALSE,TRUE,NA,POINT (-73.9586085843149 40.7946617684536),NA,19,4,19,13
-73.9639431360458,40.7908677445466,30B-AM-1007-04,30B,AM,10072018,4,Adult,Gray,NA,Gray+,NA,Ground Plane,FALSE,NA,FALSE,FALSE,FALSE,TRUE,TRUE,NA,FALSE,FALSE,FALSE,FALSE,FALSE,FALSE,FALSE,TRUE,NA,POINT (-73.9639431360458 40.7908677445466),NA,19,4,19,13
-73.9577758125518,40.799384716477,41B-AM-1010-10,41B,AM,10102018,10,Adult,Cinnamon,White,Cinnamon+White,NA,Ground Plane,FALSE,NA,TRUE,FALSE,FALSE,FALSE,FALSE,NA,FALSE,FALSE,FALSE,FALSE,FALSE,FALSE,FALSE,FALSE,NA,POINT (-73.9577758125518 40.799384716477),NA,19,4,19,13
-73.954482814186,40.7987031768001,42D-PM-1013-01,42D,PM,10132018,1,Adult,Gray,Cinnamon,Gray+Cinnamon,Drawing included.,Ground Plane,FALSE,NA,FALSE,FALSE,FALSE,FALSE,TRUE,watching passers-by,FALSE,FALSE,FALSE,FALSE,FALSE,TRUE,TRUE,FALSE,NA,POINT (-73.954482814186 40.7987031768001),NA,19,4,19,13
-73.9526681107152,40.7977012009146,42F-PM-1017-01,42F,PM,10172018,1,Adult,Gray,"Cinnamon, White","Gray+Cinnamon, White",NA,Ground Plane,FALSE,NA,TRUE,FALSE,FALSE,FALSE,FALSE,playing,FALSE,FALSE,FALSE,FALSE,FALSE,FALSE,TRUE,FALSE,NA,POINT (-73.9526681107152 40.7977012009146),NA,19,4,19,13
-73.9587439756541,40.7849006107353,27I-AM-1007-04,27I,AM,10072018,4,Adult,Gray,Cinnamon,Gray+Cinnamon,NA,Ground Plane,FALSE,NA,FALSE,FALSE,FALSE,FALSE,TRUE,NA,FALSE,FALSE,FALSE,FALSE,FALSE,FALSE,TRUE,TRUE,NA,POINT (-73.9587439756541 40.7849006107353),NA,19,4,19,13
-73.9720389756717,40.7763524091989,13C-PM-1019-02,13C,PM,10192018,2,Adult,Gray,NA,Gray+,NA,Ground Plane,FALSE,NA,TRUE,FALSE,FALSE,FALSE,FALSE,NA,FALSE,FALSE,FALSE,FALSE,TRUE,FALSE,TRUE,FALSE,NA,POINT (-73.9720389756717 40.7763524091989),NA,19,4,19,13
-73.9805517765469,40.7683044693163,2B-PM-1013-05,02B,PM,10132018,5,Adult,Gray,White,Gray+White,NA,Ground Plane,FALSE,NA,TRUE,FALSE,TRUE,FALSE,FALSE,climbing fence!,FALSE,FALSE,FALSE,FALSE,FALSE,FALSE,FALSE,FALSE,snuck into bike cart!,POINT (-73.9805517765469 40.7683044693163),NA,19,4,19,13
-73.9787771053108,40.769356212275,3B-AM-1010-07,03B,AM,10102018,7,Adult,Gray,NA,Gray+,NA,Above Ground,10,NA,FALSE,FALSE,TRUE,FALSE,FALSE,together w/ #8,FALSE,FALSE,FALSE,TRUE,FALSE,FALSE,TRUE,FALSE,NA,POINT (-73.9787771053108 40.76935621227501),NA,19,4,19,13
-73.961934398055,40.7924789548522,33B-PM-1010-07,33B,PM,10102018,7,Adult,NA,NA,+,NA,Ground Plane,FALSE,NA,FALSE,FALSE,FALSE,TRUE,FALSE,NA,FALSE,FALSE,FALSE,FALSE,FALSE,FALSE,FALSE,TRUE,NA,POINT (-73.961934398055 40.7924789548522),NA,19,4,19,13
-73.9598084794625,40.7976165434502,39A-PM-1014-01,39A,PM,10142018,1,Adult,Gray,White,Gray+White,NA,Ground Plane,FALSE,NA,FALSE,TRUE,FALSE,FALSE,FALSE,NA,FALSE,FALSE,FALSE,FALSE,FALSE,FALSE,TRUE,FALSE,NA,POINT (-73.9598084794625 40.7976165434502),NA,19,4,19,13
-73.9639505810228,40.789573183584,29B-PM-1010-01,29B,PM,10102018,1,Adult,Cinnamon,"Gray, White","Cinnamon+Gray, White",NA,Above Ground,4,climbing trees,FALSE,FALSE,TRUE,TRUE,TRUE,scratching self,FALSE,FALSE,FALSE,FALSE,TRUE,FALSE,TRUE,FALSE,NA,POINT (-73.9639505810228 40.789573183584),NA,19,4,19,13
-73.9689700100267,40.7775169562765,15E-PM-1008-05,15E,PM,10082018,5,Adult,Gray,NA,Gray+,NA,Above Ground,20,NA,FALSE,FALSE,FALSE,FALSE,FALSE,sitting,FALSE,TRUE,FALSE,FALSE,FALSE,FALSE,FALSE,FALSE,NA,POINT (-73.9689700100267 40.7775169562765),NA,19,4,19,13
-73.9685859705486,40.7848805065322,23A-AM-1018-04,23A,AM,10182018,4,Adult,Gray,NA,Gray+,NA,Above Ground,3,Tree,FALSE,FALSE,TRUE,FALSE,FALSE,NA,FALSE,FALSE,FALSE,FALSE,FALSE,FALSE,FALSE,TRUE,NA,POINT (-73.9685859705486 40.7848805065322),NA,19,4,19,13
-73.9737247632185,40.7759469280872,12C-PM-1017-01,12C,PM,10172018,1,Juvenile,Gray,Cinnamon,Gray+Cinnamon,NA,Ground Plane,FALSE,NA,TRUE,FALSE,FALSE,TRUE,FALSE,"digging/burying,drinking from lake",FALSE,FALSE,FALSE,FALSE,TRUE,FALSE,TRUE,FALSE,NA,POINT (-73.9737247632185 40.7759469280872),NA,19,4,19,13
-73.9571233640232,40.7992458980266,41B-PM-1014-04,41B,PM,10142018,4,Adult,Gray,Cinnamon,Gray+Cinnamon,NA,Above Ground,40,NA,FALSE,FALSE,TRUE,FALSE,FALSE,NA,FALSE,FALSE,FALSE,FALSE,FALSE,FALSE,FALSE,FALSE,climbing,POINT (-73.9571233640232 40.7992458980266),NA,19,4,19,13
-73.965019827314,40.7759864291323,15I-AM-1008-03,15I,AM,10082018,3,Adult,Gray,NA,Gray+,NA,Ground Plane,FALSE,NA,TRUE,FALSE,FALSE,FALSE,FALSE,NA,FALSE,FALSE,FALSE,FALSE,FALSE,FALSE,TRUE,FALSE,NA,POINT (-73.965019827314 40.7759864291323),NA,19,4,19,13
-73.9721263050502,40.7698763846186,7G-PM-1018-01,07G,PM,10182018,1,Adult,Gray,"Cinnamon, White","Gray+Cinnamon, White",NA,Ground Plane,FALSE,NA,FALSE,FALSE,FALSE,TRUE,FALSE,NA,FALSE,FALSE,FALSE,FALSE,FALSE,FALSE,TRUE,FALSE,NA,POINT (-73.9721263050502 40.7698763846186),NA,19,4,19,13
-73.9686999860219,40.7844014735136,22B-PM-1014-03,22B,PM,10142018,3,Juvenile,Gray,Cinnamon,Gray+Cinnamon,NA,Above Ground,8,NA,TRUE,TRUE,FALSE,FALSE,FALSE,NA,FALSE,FALSE,FALSE,FALSE,FALSE,FALSE,FALSE,FALSE,NA,POINT (-73.9686999860219 40.7844014735136),NA,19,4,19,13
-73.9698592838836,40.7743071443959,12F-AM-1020-03,12F,AM,10202018,3,Adult,Gray,Black,Gray+Black,NA,Ground Plane,FALSE,NA,FALSE,FALSE,FALSE,FALSE,FALSE,playing,FALSE,FALSE,FALSE,FALSE,TRUE,FALSE,FALSE,FALSE,NA,POINT (-73.9698592838836 40.7743071443959),NA,19,4,19,13
-73.9685940262068,40.776932102013,15F-AM-1007-07,15F,AM,10072018,7,Adult,Cinnamon,Black,Cinnamon+Black,NA,Ground Plane,FALSE,NA,FALSE,FALSE,FALSE,FALSE,TRUE,NA,FALSE,FALSE,FALSE,FALSE,FALSE,FALSE,TRUE,FALSE,NA,POINT (-73.9685940262068 40.776932102013),NA,19,4,19,13
-73.9752263564287,40.772084917017,7C-PM-1020-02,07C,PM,10202018,2,Adult,Gray,NA,Gray+,NA,Ground Plane,FALSE,NA,FALSE,FALSE,FALSE,FALSE,TRUE,NA,FALSE,FALSE,FALSE,FALSE,FALSE,FALSE,FALSE,FALSE,NA,POINT (-73.9752263564287 40.772084917017),NA,19,4,19,13
-73.9758128509653,40.7715946097064,7C-PM-1020-03,07C,PM,10202018,3,Adult,Gray,Cinnamon,Gray+Cinnamon,NA,Above Ground,5,NA,FALSE,FALSE,TRUE,FALSE,FALSE,NA,FALSE,FALSE,FALSE,FALSE,FALSE,FALSE,FALSE,FALSE,NA,POINT (-73.9758128509653 40.7715946097064),NA,19,4,19,13
-73.970260899173,40.783651724865,21A-AM-1019-05,21A,AM,10192018,5,Adult,Gray,NA,Gray+,NA,Above Ground,2,NA,FALSE,FALSE,TRUE,FALSE,FALSE,NA,FALSE,FALSE,FALSE,FALSE,FALSE,FALSE,TRUE,FALSE,NA,POINT (-73.970260899173 40.783651724865),NA,19,4,19,13
-73.9746877519291,40.7761402808083,11B-PM-1014-03,11B,PM,10142018,3,NA,Gray,NA,Gray+,NA,Above Ground,10,NA,FALSE,TRUE,FALSE,FALSE,FALSE,NA,FALSE,FALSE,FALSE,FALSE,FALSE,FALSE,FALSE,FALSE,NA,POINT (-73.9746877519291 40.7761402808083),NA,19,4,19,13
-73.9749641575871,40.7673305056277,3F-AM-1006-05,03F,AM,10062018,5,Adult,Cinnamon,Gray,Cinnamon+Gray,NA,Above Ground,3,NA,FALSE,FALSE,TRUE,TRUE,FALSE,NA,FALSE,FALSE,FALSE,FALSE,FALSE,FALSE,FALSE,TRUE,NA,POINT (-73.9749641575871 40.7673305056277),NA,19,4,19,13
-73.9700330712119,40.7782913925727,16D-PM-1010-06,16D,PM,10102018,6,Adult,Gray,NA,Gray+,NA,Ground Plane,FALSE,NA,TRUE,FALSE,FALSE,FALSE,TRUE,walking,FALSE,FALSE,FALSE,FALSE,FALSE,FALSE,FALSE,FALSE,checking me out,POINT (-73.9700330712119 40.7782913925727),NA,19,4,19,13
-73.9720050204318,40.7699419094168,7G-AM-1010-03,07G,AM,10102018,3,Adult,Gray,Cinnamon,Gray+Cinnamon,NA,Ground Plane,FALSE,NA,TRUE,FALSE,FALSE,FALSE,FALSE,NA,FALSE,FALSE,FALSE,FALSE,FALSE,FALSE,TRUE,FALSE,NA,POINT (-73.9720050204318 40.7699419094168),NA,19,4,19,13
-73.980897497712,40.7690578709841,2A-PM-1019-02,02A,PM,10192018,2,Adult,Gray,White,Gray+White,NA,Ground Plane,FALSE,NA,TRUE,FALSE,FALSE,FALSE,FALSE,NA,FALSE,FALSE,FALSE,TRUE,FALSE,FALSE,FALSE,FALSE,NA,POINT (-73.980897497712 40.7690578709841),NA,19,4,19,13
-73.9640741640547,40.7807274581426,20G-AM-1018-01,20G,AM,10182018,1,Juvenile,Gray,NA,Gray+,NA,Above Ground,7,Tree limb,FALSE,FALSE,FALSE,FALSE,FALSE,sitting still on limb,FALSE,FALSE,FALSE,FALSE,FALSE,FALSE,TRUE,FALSE,NA,POINT (-73.9640741640547 40.7807274581426),NA,19,4,19,13
-73.9504693544225,40.797225436004,42H-AM-1019-01,42H,AM,10192018,1,Adult,Cinnamon,White,Cinnamon+White,NA,Ground Plane,FALSE,NA,FALSE,FALSE,FALSE,TRUE,TRUE,NA,FALSE,FALSE,FALSE,FALSE,FALSE,FALSE,FALSE,FALSE,NA,POINT (-73.9504693544225 40.797225436004),NA,19,4,19,13
-73.9562442622553,40.7957285542564,38E-AM-1010-03,38E,AM,10102018,3,Adult,Gray,Cinnamon,Gray+Cinnamon,NA,Ground Plane,FALSE,NA,FALSE,FALSE,FALSE,TRUE,TRUE,NA,FALSE,FALSE,FALSE,FALSE,FALSE,FALSE,FALSE,FALSE,NA,POINT (-73.9562442622553 40.7957285542564),NA,19,4,19,13
-73.9733437449715,40.7782401548362,14B-PM-1014-07,14B,PM,10142018,7,Adult,Gray,Cinnamon,Gray+Cinnamon,NA,Ground Plane,FALSE,NA,FALSE,FALSE,FALSE,FALSE,TRUE,NA,FALSE,FALSE,FALSE,FALSE,FALSE,FALSE,FALSE,FALSE,NA,POINT (-73.9733437449715 40.7782401548362),NA,19,4,19,13
-73.9725669210177,40.7681496989029,5H-AM-1007-01,05H,AM,10072018,1,Adult,Gray,Cinnamon,Gray+Cinnamon,NA,NA,NA,NA,FALSE,FALSE,FALSE,FALSE,TRUE,NA,FALSE,FALSE,FALSE,FALSE,FALSE,FALSE,FALSE,FALSE,NA,POINT (-73.9725669210177 40.7681496989029),NA,19,4,19,13
-73.9657391918196,40.776502470347,16H-PM-1014-01,16H,PM,10142018,1,Juvenile,Gray,White,Gray+White,NA,Ground Plane,FALSE,NA,TRUE,FALSE,FALSE,FALSE,FALSE,NA,FALSE,FALSE,FALSE,FALSE,FALSE,FALSE,TRUE,FALSE,NA,POINT (-73.9657391918196 40.776502470347),NA,19,4,19,13
-73.9728700359494,40.7659842666881,3H-PM-1014-05,03H,PM,10142018,5,Adult,Gray,White,Gray+White,NA,Ground Plane,FALSE,NA,FALSE,FALSE,FALSE,TRUE,FALSE,NA,FALSE,FALSE,FALSE,FALSE,FALSE,FALSE,TRUE,FALSE,NA,POINT (-73.9728700359494 40.7659842666881),NA,19,4,19,13
-73.9570130017159,40.7996027428625,42B-AM-1014-02,42B,AM,10142018,2,Adult,Black,NA,Black+,NA,Ground Plane,FALSE,NA,FALSE,FALSE,FALSE,FALSE,TRUE,digging,FALSE,FALSE,FALSE,FALSE,FALSE,FALSE,TRUE,FALSE,NA,POINT (-73.9570130017159 40.7996027428625),NA,19,4,19,13
-73.9576913492669,40.7994216061391,41B-AM-1010-11,41B,AM,10102018,11,Adult,Gray,Cinnamon,Gray+Cinnamon,NA,NA,NA,NA,FALSE,FALSE,FALSE,TRUE,FALSE,eating a mushroom!,FALSE,FALSE,FALSE,FALSE,FALSE,FALSE,TRUE,FALSE,NA,POINT (-73.9576913492669 40.7994216061391),NA,19,4,19,13
-73.9613347295946,40.7938900965153,34B-AM-1013-02,34B,AM,10132018,2,Adult,Gray,Cinnamon,Gray+Cinnamon,NA,Ground Plane,FALSE,NA,FALSE,FALSE,FALSE,FALSE,TRUE,NA,FALSE,FALSE,FALSE,FALSE,FALSE,FALSE,TRUE,FALSE,NA,POINT (-73.9613347295946 40.7938900965153),NA,19,4,19,13
-73.9686907918759,40.7839462261858,22B-AM-1013-03,22B,AM,10132018,3,Adult,Cinnamon,NA,Cinnamon+,NA,Ground Plane,FALSE,NA,FALSE,FALSE,FALSE,FALSE,TRUE,NA,FALSE,FALSE,FALSE,FALSE,FALSE,FALSE,TRUE,FALSE,NA,POINT (-73.9686907918759 40.7839462261858),NA,19,4,19,13
-73.9749469566854,40.7667805367199,2F-PM-1014-10,02F,PM,10142018,10,Adult,Gray,White,Gray+White,NA,Ground Plane,FALSE,NA,TRUE,FALSE,FALSE,FALSE,FALSE,NA,FALSE,FALSE,FALSE,FALSE,FALSE,FALSE,TRUE,FALSE,NA,POINT (-73.9749469566854 40.7667805367199),NA,19,4,19,13
-73.9785114291288,40.7719779589449,6A-PM-1012-03,06A,PM,10122018,3,Adult,Cinnamon,White,Cinnamon+White,NA,Ground Plane,FALSE,NA,TRUE,TRUE,TRUE,FALSE,FALSE,NA,FALSE,FALSE,FALSE,FALSE,FALSE,FALSE,FALSE,FALSE,NA,POINT (-73.9785114291288 40.7719779589449),NA,19,4,19,13
-73.9643538221947,40.7917565604735,31A-PM-1017-01,31A,PM,10172018,1,Juvenile,Cinnamon,"Gray, White","Cinnamon+Gray, White","Gray lower back, Gray & Cinnamon selected as Primary with ""lower back"" written in next to Gray. White selected as Highlights. Made executive adjustments.",Ground Plane,FALSE,NA,FALSE,FALSE,FALSE,FALSE,TRUE,NA,FALSE,FALSE,FALSE,FALSE,TRUE,FALSE,FALSE,FALSE,NA,POINT (-73.9643538221947 40.7917565604735),NA,19,4,19,13
-73.9801636400744,40.7690192055926,2A-AM-1010-09,02A,AM,10102018,9,Adult,Gray,White,Gray+White,NA,Above Ground,NA,climbing in bush,FALSE,FALSE,TRUE,FALSE,FALSE,hopping & flipping around. this one was very energetic & jumping aorund,FALSE,FALSE,FALSE,FALSE,TRUE,FALSE,FALSE,FALSE,climbed a foot up a tree and watched me,POINT (-73.9801636400744 40.7690192055926),NA,19,4,19,13
-73.9550082056509,40.7894521543449,33I-AM-1008-03,33I,AM,10082018,3,Adult,Gray,NA,Gray+,NA,Above Ground,2,98th @ edge of park,FALSE,FALSE,TRUE,FALSE,FALSE,NA,FALSE,FALSE,FALSE,FALSE,FALSE,FALSE,TRUE,FALSE,NA,POINT (-73.9550082056509 40.7894521543449),NA,19,4,19,13
-73.9777978497894,40.7668620784309,1D-AM-1006-01,01D,AM,10062018,1,Juvenile,Gray,White,Gray+White,NA,Ground Plane,FALSE,NA,TRUE,FALSE,TRUE,FALSE,TRUE,NA,FALSE,FALSE,FALSE,FALSE,TRUE,FALSE,FALSE,FALSE,NA,POINT (-73.9777978497894 40.7668620784309),NA,19,4,19,13
-73.9596398997228,40.7933386953847,34D-PM-1007-02,34D,PM,10072018,2,Adult,Black,NA,Black+,NA,Above Ground,25,NA,TRUE,FALSE,TRUE,FALSE,FALSE,NA,FALSE,FALSE,FALSE,FALSE,FALSE,FALSE,FALSE,FALSE,cautiously aware,POINT (-73.9596398997228 40.7933386953847),NA,19,4,19,13
-73.9584024936392,40.7851491701944,27I-PM-1020-01,27I,PM,10202018,1,Adult,Gray,White,Gray+White,NA,Ground Plane,FALSE,NA,FALSE,FALSE,FALSE,FALSE,TRUE,NA,FALSE,FALSE,FALSE,FALSE,FALSE,FALSE,TRUE,TRUE,runs from (us),POINT (-73.9584024936392 40.7851491701944),NA,19,4,19,13
-73.9776151109912,40.7694681558386,4C-PM-1010-09,04C,PM,10102018,9,Adult,Gray,White,Gray+White,NA,Ground Plane,FALSE,NA,FALSE,TRUE,FALSE,FALSE,TRUE,NA,FALSE,FALSE,FALSE,FALSE,FALSE,FALSE,FALSE,FALSE,NA,POINT (-73.9776151109912 40.7694681558386),NA,19,4,19,13
-73.9689504114652,40.7766770153764,14F-PM-1012-05,14F,PM,10122018,5,Adult,Cinnamon,"Gray, White","Cinnamon+Gray, White",NA,Above Ground,2,on a fallen branch,TRUE,FALSE,FALSE,TRUE,FALSE,sitting,FALSE,FALSE,FALSE,FALSE,FALSE,FALSE,FALSE,FALSE,looking at me,POINT (-73.9689504114652 40.7766770153764),NA,19,4,19,13
-73.965509576403,40.7752456763263,14I-PM-1018-05,14I,PM,10182018,5,Adult,Gray,Cinnamon,Gray+Cinnamon,NA,Above Ground,2,NA,FALSE,FALSE,TRUE,TRUE,FALSE,NA,FALSE,FALSE,FALSE,FALSE,TRUE,FALSE,TRUE,FALSE,NA,POINT (-73.96550957640301 40.7752456763263),NA,19,4,19,13
-73.9558268731771,40.7952074193788,38E-PM-1014-04,38E,PM,10142018,4,Adult,Gray,NA,Gray+,NA,Ground Plane,FALSE,THICK UNDERGROWTH,FALSE,FALSE,FALSE,FALSE,TRUE,NA,FALSE,FALSE,FALSE,FALSE,FALSE,FALSE,FALSE,TRUE,NA,POINT (-73.9558268731771 40.7952074193788),NA,19,4,19,13
-73.9607608482656,40.7954687648248,36A-PM-1013-06,36A,PM,10132018,6,NA,Gray,Cinnamon,Gray+Cinnamon,NA,Ground Plane,FALSE,EDGE OF WOODS,FALSE,FALSE,FALSE,TRUE,FALSE,NA,FALSE,FALSE,FALSE,FALSE,FALSE,FALSE,TRUE,FALSE,NA,POINT (-73.9607608482656 40.7954687648248),NA,19,4,19,13
-73.956926909344,40.7965323262487,39D-PM-1012-03,39D,PM,10122018,3,Adult,Gray,White,Gray+White,NA,Ground Plane,FALSE,NA,TRUE,FALSE,FALSE,FALSE,FALSE,NA,FALSE,FALSE,FALSE,FALSE,FALSE,FALSE,FALSE,TRUE,NA,POINT (-73.956926909344 40.7965323262487),NA,19,4,19,13
-73.9795492724533,40.7709497471738,4A-AM-1007-02,04A,AM,10072018,2,Adult,Gray,NA,Gray+,NA,Ground Plane,FALSE,NA,FALSE,FALSE,FALSE,FALSE,TRUE,NA,FALSE,FALSE,FALSE,FALSE,FALSE,FALSE,TRUE,FALSE,NA,POINT (-73.9795492724533 40.7709497471738),NA,19,4,19,13
-73.9688293382172,40.7738958027568,12G-AM-1012-04,12G,AM,10122018,4,Adult,Gray,"Cinnamon, White","Gray+Cinnamon, White",NA,Ground Plane,FALSE,NA,FALSE,FALSE,FALSE,FALSE,TRUE,NA,FALSE,FALSE,FALSE,FALSE,TRUE,FALSE,TRUE,FALSE,NA,POINT (-73.9688293382172 40.773895802756805),NA,19,4,19,13
-73.9616944195776,40.7927250423024,33B-PM-1010-02,33B,PM,10102018,2,Adult,NA,NA,+,NA,Ground Plane,FALSE,NA,FALSE,FALSE,FALSE,FALSE,TRUE,NA,FALSE,FALSE,FALSE,FALSE,FALSE,FALSE,FALSE,TRUE,NA,POINT (-73.9616944195776 40.7927250423024),NA,19,4,19,13
-73.9690395363594,40.771128205027,9I-PM-1010-01,09I,PM,10102018,1,Adult,Gray,"Cinnamon, White","Gray+Cinnamon, White",standard coloration,Ground Plane,FALSE,NA,FALSE,FALSE,FALSE,FALSE,TRUE,NA,FALSE,FALSE,FALSE,FALSE,FALSE,FALSE,TRUE,FALSE,NA,POINT (-73.9690395363594 40.771128205027),NA,19,4,19,13
-73.9564632239432,40.7904807427954,33G-AM-1013-01,33G,AM,10132018,1,Adult,Cinnamon,NA,Cinnamon+,NA,Above Ground,13,shelter in hole in tree,FALSE,FALSE,TRUE,FALSE,FALSE,NA,FALSE,FALSE,FALSE,FALSE,FALSE,FALSE,TRUE,TRUE,NA,POINT (-73.9564632239432 40.7904807427954),NA,19,4,19,13
-73.9701824376506,40.7763703306736,14E-AM-1008-21,14E,AM,10082018,21,Adult,Gray,NA,Gray+,NA,Ground Plane,FALSE,NA,FALSE,FALSE,FALSE,FALSE,TRUE,walking,FALSE,FALSE,FALSE,FALSE,FALSE,TRUE,FALSE,FALSE,"curious,but not expecting food",POINT (-73.9701824376506 40.7763703306736),NA,19,4,19,13
-73.958770180151,40.7934123941528,35D-PM-1013-04,35D,PM,10132018,4,Juvenile,Gray,White,Gray+White,NA,NA,NA,NA,FALSE,FALSE,FALSE,FALSE,FALSE,NA,FALSE,FALSE,FALSE,FALSE,FALSE,FALSE,FALSE,FALSE,NA,POINT (-73.958770180151 40.7934123941528),NA,19,4,19,13
-73.9528937660465,40.7922919074537,36I-AM-1017-01,36I,AM,10172018,1,Adult,Gray,White,Gray+White,NA,Ground Plane,FALSE,NA,TRUE,FALSE,FALSE,TRUE,TRUE,NA,FALSE,FALSE,FALSE,FALSE,TRUE,FALSE,FALSE,TRUE,runs from (me!)â€”from a pretty big distance,POINT (-73.9528937660465 40.7922919074537),NA,19,4,19,13
-73.955352152771,40.7988549523022,42D-AM-1014-01,42D,AM,10142018,1,Adult,Gray,"Cinnamon, White","Gray+Cinnamon, White",NA,Above Ground,20,NA,FALSE,FALSE,TRUE,TRUE,FALSE,NA,TRUE,FALSE,FALSE,FALSE,FALSE,FALSE,TRUE,FALSE,NA,POINT (-73.955352152771 40.7988549523022),NA,19,4,19,13
-73.9547398684817,40.7896483795302,33I-AM-1008-01,33I,AM,10082018,1,Adult,Gray,Cinnamon,Gray+Cinnamon,NA,Ground Plane,FALSE,edge of park @ 98th (north),FALSE,FALSE,FALSE,FALSE,TRUE,NA,FALSE,FALSE,FALSE,FALSE,FALSE,FALSE,TRUE,FALSE,NA,POINT (-73.9547398684817 40.7896483795302),NA,19,4,19,13
-73.9668922014699,40.7823535653774,21D-AM-1008-06,21D,AM,10082018,6,Adult,Gray,NA,Gray+,NA,Ground Plane,FALSE,NA,FALSE,FALSE,FALSE,FALSE,TRUE,NA,FALSE,FALSE,FALSE,FALSE,FALSE,FALSE,FALSE,TRUE,NA,POINT (-73.9668922014699 40.7823535653774),NA,19,4,19,13
-73.9722053355548,40.7662094993614,3I-AM-1010-03,03I,AM,10102018,3,Adult,Gray,NA,Gray+,NA,Above Ground,50,NA,TRUE,FALSE,FALSE,FALSE,FALSE,NA,FALSE,FALSE,FALSE,FALSE,FALSE,FALSE,TRUE,FALSE,NA,POINT (-73.9722053355548 40.7662094993614),NA,19,4,19,13
-73.9569375355884,40.7935398008612,36E-AM-1013-02,36E,AM,10132018,2,Adult,Gray,NA,Gray+,NA,Ground Plane,FALSE,NA,TRUE,FALSE,FALSE,TRUE,FALSE,NA,FALSE,FALSE,FALSE,FALSE,FALSE,FALSE,FALSE,TRUE,NA,POINT (-73.9569375355884 40.7935398008612),NA,19,4,19,13
-73.9763719445827,40.7689551413337,4D-PM-1008-04,04D,PM,10082018,4,Adult,Cinnamon,"Gray, White","Cinnamon+Gray, White",NA,Ground Plane,FALSE,NA,FALSE,FALSE,FALSE,FALSE,TRUE,NA,FALSE,FALSE,FALSE,FALSE,FALSE,FALSE,TRUE,FALSE,NA,POINT (-73.9763719445827 40.7689551413337),NA,19,4,19,13
-73.9756573579063,40.7656644063024,1G-PM-1010-01,01G,PM,10102018,1,Adult,Gray,White,Gray+White,NA,Above Ground,15,NA,FALSE,FALSE,TRUE,TRUE,FALSE,NA,FALSE,FALSE,FALSE,TRUE,FALSE,FALSE,TRUE,FALSE,too busy eating in his tree,POINT (-73.9756573579063 40.7656644063024),NA,19,4,19,13
-73.9618064639153,40.792158440043,32C-PM-1013-12,32C,PM,10132018,12,Adult,Gray,NA,Gray+,NA,Ground Plane,FALSE,NA,TRUE,FALSE,FALSE,FALSE,TRUE,NA,FALSE,FALSE,FALSE,FALSE,TRUE,TRUE,FALSE,FALSE,NA,POINT (-73.9618064639153 40.792158440043),NA,19,4,19,13
-73.9677646187171,40.7746492806333,13H-PM-1010-05,13H,PM,10102018,5,Adult,Gray,NA,Gray+,NA,Ground Plane,FALSE,NA,FALSE,FALSE,FALSE,FALSE,TRUE,NA,FALSE,FALSE,FALSE,FALSE,FALSE,FALSE,TRUE,FALSE,NA,POINT (-73.9677646187171 40.7746492806333),NA,19,4,19,13
-73.9583101927652,40.7852649316039,27I-PM-1020-05,27I,PM,10202018,5,Adult,Gray,Cinnamon,Gray+Cinnamon,NA,Above Ground,10,In tree,TRUE,FALSE,FALSE,FALSE,FALSE,NA,FALSE,FALSE,FALSE,FALSE,FALSE,FALSE,FALSE,TRUE,runs from (us),POINT (-73.9583101927652 40.7852649316039),NA,19,4,19,13
-73.9669814346326,40.780390919948,19E-PM-1018-01,19E,PM,10182018,1,Adult,Gray,Cinnamon,Gray+Cinnamon,NA,Ground Plane,FALSE,NA,TRUE,FALSE,FALSE,FALSE,FALSE,NA,FALSE,FALSE,FALSE,FALSE,TRUE,FALSE,FALSE,TRUE,NA,POINT (-73.9669814346326 40.780390919948),NA,19,4,19,13
-73.969105907,40.7820474909192,20B-PM-1013-08,20B,PM,10132018,8,Adult,Gray,White,Gray+White,(very brown),Ground Plane,FALSE,NA,TRUE,FALSE,FALSE,FALSE,FALSE,being chased by dog,FALSE,FALSE,FALSE,FALSE,FALSE,FALSE,FALSE,TRUE,NA,POINT (-73.969105907 40.7820474909192),NA,19,4,19,13
-73.9612658688914,40.7912119940469,32C-AM-1014-04,32C,AM,10142018,4,Adult,Gray,NA,Gray+,NA,Above Ground,8,NA,FALSE,FALSE,FALSE,TRUE,FALSE,NA,FALSE,FALSE,FALSE,FALSE,FALSE,FALSE,FALSE,FALSE,NA,POINT (-73.9612658688914 40.7912119940469),NA,19,4,19,13
-73.97035767623,40.7714036487747,9H-PM-1018-09,09H,PM,10182018,9,Adult,Gray,NA,Gray+,NA,Ground Plane,FALSE,NA,FALSE,FALSE,FALSE,TRUE,TRUE,NA,FALSE,FALSE,FALSE,FALSE,FALSE,FALSE,FALSE,FALSE,NA,POINT (-73.97035767623 40.7714036487747),NA,19,4,19,13
-73.9545383719188,40.7899711263765,33I-PM-1006-03,33I,PM,10062018,3,Adult,Gray,NA,Gray+,NA,Ground Plane,FALSE,NA,FALSE,FALSE,FALSE,FALSE,TRUE,NA,FALSE,FALSE,FALSE,FALSE,FALSE,FALSE,FALSE,TRUE,NA,POINT (-73.95453837191882 40.7899711263765),NA,19,4,19,13
-73.9762246600197,40.775164077652,10A-AM-1006-03,10A,AM,10062018,3,Juvenile,Cinnamon,NA,Cinnamon+,NA,Ground Plane,FALSE,Bridle Path lawn,FALSE,FALSE,FALSE,TRUE,FALSE,NA,FALSE,FALSE,FALSE,FALSE,FALSE,FALSE,FALSE,FALSE,NA,POINT (-73.9762246600197 40.775164077652),NA,19,4,19,13
-73.976521916284,40.773784724458,9B-AM-1010-01,09B,AM,10102018,1,Adult,Gray,Cinnamon,Gray+Cinnamon,NA,Ground Plane,FALSE,NA,FALSE,FALSE,FALSE,FALSE,TRUE,NA,TRUE,FALSE,FALSE,FALSE,FALSE,FALSE,FALSE,TRUE,NA,POINT (-73.976521916284 40.773784724458),NA,19,4,19,13
-73.9594174605642,40.7973128653773,38B-AM-1019-02,38B,AM,10192018,2,Juvenile,Gray,"Cinnamon, White","Gray+Cinnamon, White",NA,Ground Plane,FALSE,NA,FALSE,FALSE,FALSE,TRUE,TRUE,NA,FALSE,FALSE,FALSE,FALSE,TRUE,FALSE,TRUE,FALSE,NA,POINT (-73.9594174605642 40.7973128653773),NA,19,4,19,13
-73.9530809650496,40.7959176317705,40G-PM-1013-02,40G,PM,10132018,2,Adult,Gray,NA,Gray+,NA,Ground Plane,FALSE,NA,TRUE,FALSE,FALSE,TRUE,FALSE,hiding from dog,FALSE,FALSE,FALSE,FALSE,FALSE,FALSE,FALSE,TRUE,runs from (dog),POINT (-73.9530809650496 40.79591763177051),NA,19,4,19,13
-73.9722472286151,40.7699550476176,6G-PM-1020-04,06G,PM,10202018,4,Adult,Gray,NA,Gray+,NA,Ground Plane,FALSE,NA,FALSE,FALSE,FALSE,FALSE,TRUE,NA,FALSE,FALSE,FALSE,FALSE,FALSE,FALSE,FALSE,FALSE,NA,POINT (-73.9722472286151 40.7699550476176),NA,19,4,19,13
-73.967832992543,40.7783669913408,17E-PM-1018-03,17E,PM,10182018,3,Adult,Gray,NA,Gray+,NA,Ground Plane,FALSE,NA,TRUE,FALSE,FALSE,FALSE,FALSE,NA,FALSE,FALSE,FALSE,FALSE,FALSE,FALSE,TRUE,FALSE,NA,POINT (-73.967832992543 40.7783669913408),NA,19,4,19,13
-73.9665871993517,40.7836775064883,22D-PM-1012-07,22D,PM,10122018,7,Adult,Gray,"Black, Cinnamon, White","Gray+Black, Cinnamon, White",NA,Ground Plane,FALSE,NA,FALSE,FALSE,FALSE,TRUE,TRUE,NA,FALSE,FALSE,FALSE,FALSE,FALSE,FALSE,TRUE,FALSE,NA,POINT (-73.9665871993517 40.7836775064883),NA,19,4,19,13
-73.965848283831,40.7797243033057,19F-PM-1017-01,19F,PM,10172018,1,Adult,Gray,Cinnamon,Gray+Cinnamon,NA,Ground Plane,FALSE,NA,FALSE,FALSE,TRUE,FALSE,FALSE,NA,FALSE,FALSE,FALSE,FALSE,FALSE,FALSE,TRUE,FALSE,NA,POINT (-73.965848283831 40.7797243033057),NA,19,4,19,13
-73.9556177490335,40.7888569161537,32I-AM-1013-03,32I,AM,10132018,3,Juvenile,Gray,Cinnamon,Gray+Cinnamon,NA,Above Ground,15,NA,FALSE,FALSE,TRUE,FALSE,FALSE,NA,FALSE,FALSE,FALSE,FALSE,FALSE,FALSE,FALSE,FALSE,watching me from tree - curious,POINT (-73.9556177490335 40.7888569161537),NA,19,4,19,13
-73.9724642436394,40.7690526441109,6G-AM-1008-02,06G,AM,10082018,2,Juvenile,Gray,NA,Gray+,NA,Ground Plane,FALSE,bush,FALSE,FALSE,FALSE,FALSE,TRUE,NA,FALSE,FALSE,FALSE,FALSE,FALSE,FALSE,TRUE,FALSE,NA,POINT (-73.9724642436394 40.7690526441109),NA,19,4,19,13
-73.970475755546,40.7763348062134,13E-AM-1017-02,13E,AM,10172018,2,Adult,Gray,NA,Gray+,NA,Ground Plane,FALSE,NA,FALSE,FALSE,FALSE,FALSE,TRUE,begging (came one yard away from me and stood there),FALSE,FALSE,FALSE,FALSE,FALSE,TRUE,FALSE,FALSE,NA,POINT (-73.970475755546 40.7763348062134),NA,19,4,19,13
-73.9703921271418,40.7700276115314,7H-PM-1006-06,07H,PM,10062018,6,Adult,Gray,NA,Gray+,NA,Above Ground,15,NA,FALSE,TRUE,TRUE,FALSE,FALSE,playing w/ #7,FALSE,FALSE,FALSE,FALSE,FALSE,FALSE,TRUE,FALSE,NA,POINT (-73.9703921271418 40.770027611531404),NA,19,4,19,13
-73.9687020800791,40.7735903424522,11H-AM-1010-08,11H,AM,10102018,8,Adult,Gray,Cinnamon,Gray+Cinnamon,NA,Ground Plane,FALSE,NA,FALSE,FALSE,FALSE,FALSE,TRUE,NA,FALSE,FALSE,FALSE,FALSE,TRUE,FALSE,FALSE,TRUE,NA,POINT (-73.9687020800791 40.7735903424522),NA,19,4,19,13
-73.9742973420446,40.7691801644292,5F-AM-1007-04,05F,AM,10072018,4,Adult,Gray,Cinnamon,Gray+Cinnamon,NA,Above Ground,NA,rocks,FALSE,FALSE,FALSE,TRUE,TRUE,NA,FALSE,FALSE,FALSE,FALSE,FALSE,FALSE,FALSE,FALSE,NA,POINT (-73.9742973420446 40.7691801644292),NA,19,4,19,13
-73.9714295102249,40.776954371947,14D-PM-1019-02,14D,PM,10192018,2,Adult,Gray,NA,Gray+,NA,Ground Plane,FALSE,NA,FALSE,TRUE,FALSE,FALSE,FALSE,NA,FALSE,FALSE,FALSE,FALSE,FALSE,FALSE,FALSE,FALSE,NA,POINT (-73.9714295102249 40.776954371947),NA,19,4,19,13
-73.9580021017892,40.7955140102242,37D-PM-1014-07,37D,PM,10142018,7,Adult,Gray,NA,Gray+,NA,Ground Plane,FALSE,NA,FALSE,FALSE,FALSE,FALSE,TRUE,NA,FALSE,FALSE,FALSE,FALSE,FALSE,FALSE,FALSE,TRUE,NA,POINT (-73.9580021017892 40.7955140102242),NA,19,4,19,13
-73.9685429060839,40.7724786961619,11H-AM-1010-05,11H,AM,10102018,5,Adult,Gray,White,Gray+White,NA,Ground Plane,FALSE,NA,FALSE,TRUE,FALSE,FALSE,FALSE,NA,FALSE,FALSE,FALSE,FALSE,FALSE,FALSE,TRUE,FALSE,NA,POINT (-73.9685429060839 40.7724786961619),NA,19,4,19,13
-73.9572840457971,40.7886933371744,31H-PM-1008-04,31H,PM,10082018,4,Adult,Gray,NA,Gray+,NA,Above Ground,NA,Also way up,FALSE,FALSE,TRUE,FALSE,TRUE,NA,FALSE,FALSE,FALSE,FALSE,FALSE,FALSE,FALSE,FALSE,NA,POINT (-73.95728404579711 40.7886933371744),NA,19,4,19,13
-73.9687134137786,40.7812207913391,19C-PM-1018-03,19C,PM,10182018,3,Adult,Gray,Cinnamon,Gray+Cinnamon,NA,Ground Plane,FALSE,NA,FALSE,TRUE,FALSE,FALSE,FALSE,NA,FALSE,FALSE,FALSE,FALSE,FALSE,FALSE,TRUE,FALSE,NA,POINT (-73.9687134137786 40.7812207913391),NA,19,4,19,13
-73.9553726714504,40.7987578541123,41D-AM-1014-02,41D,AM,10142018,2,Adult,Gray,NA,Gray+,NA,Above Ground,20,NA,FALSE,FALSE,FALSE,FALSE,FALSE,jumping,FALSE,FALSE,FALSE,FALSE,FALSE,FALSE,TRUE,FALSE,NA,POINT (-73.9553726714504 40.7987578541123),NA,19,4,19,13
-73.9790875480358,40.7676104780657,2C-AM-1010-03,02C,AM,10102018,3,Adult,Black,Gray,Black+Gray,NA,Above Ground,30,NA,FALSE,FALSE,TRUE,FALSE,FALSE,NA,FALSE,FALSE,FALSE,FALSE,FALSE,FALSE,FALSE,FALSE,NA,POINT (-73.9790875480358 40.7676104780657),NA,19,4,19,13
-73.9562177305881,40.7983413276331,41C-PM-1007-03,41C,PM,10072018,3,Adult,Gray,White,Gray+White,NA,Ground Plane,FALSE,NA,TRUE,FALSE,FALSE,FALSE,FALSE,NA,FALSE,FALSE,FALSE,FALSE,FALSE,FALSE,FALSE,FALSE,NA,POINT (-73.9562177305881 40.7983413276331),NA,19,4,19,13
-73.9640016324897,40.7921759097124,32A-PM-1013-01,32A,PM,10132018,1,Juvenile,Gray,White,Gray+White,NA,Ground Plane,FALSE,NA,FALSE,FALSE,FALSE,FALSE,TRUE,NA,FALSE,FALSE,FALSE,FALSE,FALSE,FALSE,FALSE,FALSE,NA,POINT (-73.9640016324897 40.7921759097124),NA,19,4,19,13
-73.9789401448556,40.7697373141498,4B-AM-1010-04,04B,AM,10102018,4,Adult,Gray,Cinnamon,Gray+Cinnamon,NA,Ground Plane,FALSE,NA,FALSE,FALSE,FALSE,TRUE,TRUE,NA,FALSE,FALSE,FALSE,FALSE,FALSE,TRUE,FALSE,FALSE,NA,POINT (-73.9789401448556 40.7697373141498),NA,19,4,19,13
-73.9538867186376,40.7941409434007,38G-PM-1020-03,38G,PM,10202018,3,Adult,Gray,Cinnamon,Gray+Cinnamon,NA,Ground Plane,FALSE,NA,TRUE,FALSE,FALSE,FALSE,FALSE,NA,FALSE,FALSE,FALSE,TRUE,FALSE,FALSE,TRUE,FALSE,NA,POINT (-73.9538867186376 40.7941409434007),NA,19,4,19,13
-73.964539031099,40.7809916310012,20G-PM-1013-01,20G,PM,10132018,1,Adult,Cinnamon,White,Cinnamon+White,NA,Ground Plane,FALSE,NA,TRUE,FALSE,FALSE,FALSE,TRUE,NA,FALSE,FALSE,FALSE,FALSE,TRUE,FALSE,FALSE,TRUE,NA,POINT (-73.964539031099 40.7809916310012),NA,19,4,19,13
-73.9601988871514,40.7943473161329,35C-PM-1013-01,35C,PM,10132018,1,NA,Gray,Cinnamon,Gray+Cinnamon,NA,Above Ground,20,NA,FALSE,FALSE,TRUE,FALSE,TRUE,NA,TRUE,TRUE,FALSE,TRUE,TRUE,FALSE,TRUE,FALSE,NA,POINT (-73.9601988871514 40.7943473161329),NA,19,4,19,13
-73.9785675798034,40.7672992405289,1C-PM-1013-05,01C,PM,10132018,5,Adult,Cinnamon,NA,Cinnamon+,NA,Ground Plane,FALSE,NA,FALSE,FALSE,FALSE,FALSE,TRUE,NA,FALSE,FALSE,FALSE,FALSE,FALSE,FALSE,FALSE,FALSE,NA,POINT (-73.9785675798034 40.7672992405289),NA,19,4,19,13
-73.9684910712272,40.7768811640021,15F-PM-1010-05,15F,PM,10102018,5,Adult,Gray,NA,Gray+,NA,Ground Plane,FALSE,NA,FALSE,FALSE,FALSE,FALSE,TRUE,NA,FALSE,FALSE,FALSE,FALSE,FALSE,FALSE,TRUE,FALSE,NA,POINT (-73.9684910712272 40.7768811640021),NA,19,4,19,13
-73.9697178096275,40.7697036696301,7I-PM-1013-07,07I,PM,10132018,7,Adult,Gray,"Cinnamon, White","Gray+Cinnamon, White",NA,Ground Plane,FALSE,Under the tree,FALSE,TRUE,FALSE,FALSE,FALSE,"playing,interacting with #6",FALSE,FALSE,FALSE,FALSE,TRUE,FALSE,FALSE,FALSE,NA,POINT (-73.9697178096275 40.769703669630104),NA,19,4,19,13
-73.9602609920814,40.7942883045566,35C-PM-1013-03,35C,PM,10132018,3,NA,Gray,Cinnamon,Gray+Cinnamon,NA,Ground Plane,FALSE,NA,FALSE,FALSE,FALSE,FALSE,TRUE,NA,FALSE,FALSE,FALSE,FALSE,FALSE,FALSE,FALSE,TRUE,NA,POINT (-73.9602609920814 40.79428830455661),NA,19,4,19,13
-73.979636950073,40.7677999753976,1C-PM-1013-10,01C,PM,10132018,10,Adult,Cinnamon,NA,Cinnamon+,NA,Ground Plane,FALSE,NA,FALSE,FALSE,FALSE,FALSE,TRUE,NA,FALSE,FALSE,FALSE,FALSE,FALSE,FALSE,TRUE,FALSE,NA,POINT (-73.979636950073 40.7677999753976),NA,19,4,19,13
-73.9756273257684,40.7706539186221,6D-AM-1008-04,06D,AM,10082018,4,Adult,Gray,NA,Gray+,NA,Above Ground,NA,NA,FALSE,FALSE,TRUE,FALSE,FALSE,NA,FALSE,FALSE,FALSE,FALSE,FALSE,FALSE,FALSE,FALSE,NA,POINT (-73.9756273257684 40.7706539186221),NA,19,4,19,13
-73.9770873939997,40.7710379662106,6C-PM-1020-02,06C,PM,10202018,2,Adult,Gray,NA,Gray+,NA,Above Ground,10,NA,FALSE,FALSE,TRUE,FALSE,FALSE,NA,FALSE,FALSE,FALSE,FALSE,FALSE,FALSE,FALSE,FALSE,NA,POINT (-73.9770873939997 40.7710379662106),NA,19,4,19,13
-73.9600357018376,40.7906539766881,32E-AM-1007-08,32E,AM,10072018,8,Adult,Gray,NA,Gray+,NA,Above Ground,65,tree top,FALSE,FALSE,TRUE,FALSE,FALSE,NA,FALSE,FALSE,FALSE,FALSE,FALSE,FALSE,FALSE,FALSE,NA,POINT (-73.9600357018376 40.7906539766881),NA,19,4,19,13
-73.9793101482654,40.7692600238491,3B-PM-1007-02,03B,PM,10072018,2,Adult,Gray,NA,Gray+,NA,Above Ground,10,in tree,FALSE,FALSE,FALSE,FALSE,FALSE,chased by dog,FALSE,FALSE,FALSE,FALSE,FALSE,FALSE,FALSE,FALSE,NA,POINT (-73.9793101482654 40.7692600238491),NA,19,4,19,13
-73.9757787135906,40.7737231427345,9B-PM-1013-03,09B,PM,10132018,3,Juvenile,Cinnamon,Gray,Cinnamon+Gray,NA,Ground Plane,FALSE,NA,FALSE,FALSE,FALSE,FALSE,TRUE,NA,FALSE,FALSE,FALSE,FALSE,TRUE,FALSE,TRUE,FALSE,NA,POINT (-73.9757787135906 40.7737231427345),NA,19,4,19,13
-73.9552861155228,40.788973931872,32I-AM-1013-05,32I,AM,10132018,5,Adult,Cinnamon,Gray,Cinnamon+Gray,NA,Above Ground,3,In and below shrub,FALSE,FALSE,TRUE,FALSE,TRUE,NA,FALSE,FALSE,FALSE,TRUE,FALSE,FALSE,TRUE,FALSE,NA,POINT (-73.9552861155228 40.788973931872),NA,19,4,19,13
-73.9677779408464,40.7867482211349,25A-AM-1013-02,25A,AM,10132018,2,NA,Gray,NA,Gray+,NA,Above Ground,15,BIG TREE,FALSE,TRUE,FALSE,FALSE,FALSE,chasing #3,FALSE,FALSE,FALSE,TRUE,FALSE,FALSE,TRUE,FALSE,NA,POINT (-73.9677779408464 40.7867482211349),NA,19,4,19,13
-73.967975586222,40.7735683044313,12H-PM-1007-07,12H,PM,10072018,7,NA,Gray,Cinnamon,Gray+Cinnamon,NA,Ground Plane,FALSE,grass field,FALSE,FALSE,FALSE,FALSE,TRUE,NA,FALSE,FALSE,FALSE,FALSE,FALSE,FALSE,FALSE,TRUE,humans,POINT (-73.967975586222 40.7735683044313),NA,19,4,19,13
-73.9683345414813,40.7779016280345,16E-PM-1018-07,16E,PM,10182018,7,Juvenile,Gray,Cinnamon,Gray+Cinnamon,NA,Above Ground,10,NA,FALSE,FALSE,TRUE,FALSE,FALSE,NA,TRUE,FALSE,FALSE,FALSE,FALSE,FALSE,TRUE,FALSE,NA,POINT (-73.9683345414813 40.7779016280345),NA,19,4,19,13
-73.9639888092327,40.791449395909,31A-AM-1010-01,31A,AM,10102018,1,Adult,Gray,NA,Gray+,NA,Ground Plane,FALSE,NA,FALSE,FALSE,FALSE,TRUE,FALSE,NA,FALSE,FALSE,FALSE,FALSE,TRUE,FALSE,FALSE,TRUE,NA,POINT (-73.9639888092327 40.791449395909005),NA,19,4,19,13
-73.9711178122133,40.7672642958437,4I-PM-1007-01,04I,PM,10072018,1,Adult,Black,NA,Black+,NA,Ground Plane,FALSE,NA,TRUE,FALSE,FALSE,FALSE,TRUE,NA,FALSE,FALSE,FALSE,FALSE,FALSE,FALSE,FALSE,TRUE,NA,POINT (-73.9711178122133 40.76726429584371),NA,19,4,19,13
-73.9690362384597,40.7767162824413,14F-PM-1012-09,14F,PM,10122018,9,Adult,Cinnamon,"Gray, White","Cinnamon+Gray, White",NA,Ground Plane,FALSE,NA,FALSE,FALSE,FALSE,TRUE,TRUE,NA,FALSE,FALSE,FALSE,FALSE,FALSE,FALSE,TRUE,FALSE,NA,POINT (-73.9690362384597 40.7767162824413),NA,19,4,19,13
-73.9543044385367,40.7984498571338,41E-AM-1007-04,41E,AM,10072018,4,Adult,Cinnamon,White,Cinnamon+White,white haunches/tail,Ground Plane,FALSE,rubbing belly on ground,FALSE,FALSE,FALSE,FALSE,TRUE,NA,FALSE,FALSE,FALSE,FALSE,FALSE,FALSE,TRUE,FALSE,NA,POINT (-73.9543044385367 40.798449857133804),NA,19,4,19,13
-73.970024735090007,40.7836929044459,21A-AM-1019-08,21A,AM,10192018,8,Adult,Gray,Cinnamon,Gray+Cinnamon,NA,Ground Plane,FALSE,NA,FALSE,FALSE,FALSE,TRUE,TRUE,NA,FALSE,FALSE,FALSE,FALSE,FALSE,FALSE,TRUE,FALSE,NA,POINT (-73.97002473509 40.7836929044459),NA,19,4,19,13
-73.9675917702187,40.7789922281625,17E-AM-1017-02,17E,AM,10172018,2,Adult,Gray,NA,Gray+,NA,Above Ground,8,Shore,FALSE,FALSE,TRUE,FALSE,TRUE,NA,FALSE,FALSE,FALSE,FALSE,FALSE,FALSE,TRUE,FALSE,NA,POINT (-73.9675917702187 40.7789922281625),NA,19,4,19,13
-73.9595002339508,40.7903365788694,32E-PM-1017-13,32E,PM,10172018,13,Adult,Gray,NA,Gray+,Nothing selected as Primary. Gray selected as Highlights. Made executive adjustments.,NA,NA,NA,FALSE,FALSE,FALSE,TRUE,TRUE,NA,FALSE,FALSE,FALSE,FALSE,FALSE,FALSE,TRUE,FALSE,NA,POINT (-73.9595002339508 40.7903365788694),NA,19,4,19,13
-73.9579335275486,40.7953080673706,37D-PM-1014-05,37D,PM,10142018,5,Adult,Gray,NA,Gray+,NA,Ground Plane,FALSE,NA,FALSE,FALSE,FALSE,FALSE,TRUE,NA,FALSE,FALSE,FALSE,FALSE,FALSE,FALSE,FALSE,TRUE,NA,POINT (-73.9579335275486 40.7953080673706),NA,19,4,19,13
-73.9565549485301,40.7989823714955,41C-AM-1017-03,41C,AM,10172018,3,Adult,Gray,White,Gray+White,NA,Ground Plane,FALSE,NA,FALSE,FALSE,FALSE,FALSE,TRUE,NA,FALSE,FALSE,FALSE,FALSE,FALSE,FALSE,TRUE,FALSE,NA,POINT (-73.9565549485301 40.7989823714955),NA,19,4,19,13
-73.9707197274481,40.7773956803431,14D-PM-1019-12,14D,PM,10192018,12,Adult,Gray,NA,Gray+,NA,NA,NA,NA,FALSE,FALSE,FALSE,FALSE,FALSE,NA,FALSE,FALSE,FALSE,FALSE,FALSE,FALSE,FALSE,FALSE,NA,POINT (-73.9707197274481 40.7773956803431),NA,19,4,19,13
-73.9694630409125,40.769737659647,8I-PM-1013-01,08I,PM,10132018,1,Adult,Gray,"Cinnamon, White","Gray+Cinnamon, White",NA,Ground Plane,FALSE,NA,FALSE,FALSE,FALSE,FALSE,TRUE,NA,FALSE,FALSE,FALSE,FALSE,FALSE,FALSE,TRUE,FALSE,NA,POINT (-73.9694630409125 40.769737659647),NA,19,4,19,13
-73.9553163829551,40.7988610926249,42D-PM-1013-04,42D,PM,10132018,4,Adult,Cinnamon,Gray,Cinnamon+Gray,Light Cinnamon,Ground Plane,FALSE,NA,FALSE,FALSE,FALSE,FALSE,FALSE,carrying nut away,FALSE,FALSE,FALSE,FALSE,FALSE,FALSE,TRUE,FALSE,NA,POINT (-73.9553163829551 40.7988610926249),NA,19,4,19,13
-73.951448051873,40.7973951649254,42G-AM-1018-02,42G,AM,10182018,2,Adult,Gray,NA,Gray+,NA,Ground Plane,FALSE,NA,TRUE,FALSE,FALSE,FALSE,FALSE,NA,FALSE,FALSE,FALSE,FALSE,FALSE,FALSE,TRUE,FALSE,NA,POINT (-73.951448051873 40.7973951649254),NA,19,4,19,13
-73.9562642076935,40.7983338763074,41C-AM-1017-02,41C,AM,10172018,2,Adult,Cinnamon,Gray,Cinnamon+Gray,NA,Ground Plane,FALSE,NA,FALSE,FALSE,FALSE,FALSE,TRUE,NA,FALSE,FALSE,FALSE,FALSE,FALSE,TRUE,FALSE,FALSE,NA,POINT (-73.9562642076935 40.7983338763074),NA,19,4,19,13
-73.9684758245091,40.7858531619022,24A-PM-1007-02,24A,PM,10072018,2,Adult,Gray,NA,Gray+,NA,Ground Plane,FALSE,NA,TRUE,FALSE,FALSE,FALSE,FALSE,NA,FALSE,FALSE,FALSE,FALSE,FALSE,FALSE,TRUE,FALSE,NA,POINT (-73.9684758245091 40.7858531619022),NA,19,4,19,13
-73.9784942525972,40.7672600003683,1D-AM-1006-06,01D,AM,10062018,6,Juvenile,Gray,"Cinnamon, White","Gray+Cinnamon, White",Gray & Cinnamon selected as Primary. White selected as Highlights. Made executive adjustments.,Ground Plane,FALSE,NA,TRUE,FALSE,FALSE,FALSE,FALSE,tumbling,FALSE,FALSE,FALSE,FALSE,FALSE,FALSE,FALSE,FALSE,NA,POINT (-73.9784942525972 40.7672600003683),NA,19,4,19,13
-73.9558943880051,40.7971535141896,40D-PM-1013-06,40D,PM,10132018,6,Adult,Gray,Cinnamon,Gray+Cinnamon,NA,Above Ground,4,NA,FALSE,FALSE,TRUE,FALSE,FALSE,NA,FALSE,FALSE,FALSE,FALSE,FALSE,FALSE,FALSE,TRUE,NA,POINT (-73.9558943880051 40.7971535141896),NA,19,4,19,13
-73.9615817859213,40.7945839663845,35A-AM-1014-08,35A,AM,10142018,8,Adult,Cinnamon,White,Cinnamon+White,NA,Ground Plane,FALSE,NA,FALSE,FALSE,TRUE,FALSE,FALSE,NA,FALSE,FALSE,FALSE,FALSE,FALSE,FALSE,TRUE,FALSE,NA,POINT (-73.9615817859213 40.79458396638451),NA,19,4,19,13
-73.9616693665254,40.792971019627,33B-AM-1010-05,33B,AM,10102018,5,Adult,Gray,White,Gray+White,NA,Ground Plane,FALSE,NA,FALSE,FALSE,FALSE,FALSE,TRUE,NA,FALSE,FALSE,FALSE,FALSE,FALSE,FALSE,FALSE,TRUE,NA,POINT (-73.9616693665254 40.792971019627),NA,19,4,19,13
-73.9665705456197,40.7823552871044,21D-PM-1008-05,21D,PM,10082018,5,Adult,Gray,Cinnamon,Gray+Cinnamon,NA,Ground Plane,FALSE,NA,FALSE,FALSE,FALSE,FALSE,TRUE,NA,FALSE,FALSE,FALSE,FALSE,FALSE,FALSE,FALSE,FALSE,NA,POINT (-73.9665705456197 40.7823552871044),NA,19,4,19,13
-73.980854228628,40.7678702158382,1B-AM-1012-17,01B,AM,10122018,17,Adult,Gray,"Cinnamon, White","Gray+Cinnamon, White",NA,Ground Plane,FALSE,NA,FALSE,FALSE,TRUE,TRUE,TRUE,NA,FALSE,FALSE,FALSE,FALSE,FALSE,FALSE,TRUE,FALSE,NA,POINT (-73.98085422862802 40.7678702158382),NA,19,4,19,13
-73.9578658632957,40.7933712188923,35E-AM-1020-04,35E,AM,10202018,4,Adult,Gray,Cinnamon,Gray+Cinnamon,NA,Above Ground,30,NA,FALSE,FALSE,FALSE,FALSE,FALSE,"hunkered down,tail over body; sitting perfectly still",FALSE,FALSE,FALSE,FALSE,FALSE,FALSE,TRUE,FALSE,NA,POINT (-73.9578658632957 40.7933712188923),NA,19,4,19,13
-73.9538251716292,40.7919360198175,35I-PM-1006-01,35I,PM,10062018,1,Adult,Gray,Cinnamon,Gray+Cinnamon,NA,Ground Plane,FALSE,NA,FALSE,FALSE,FALSE,FALSE,TRUE,NA,FALSE,FALSE,FALSE,FALSE,FALSE,FALSE,TRUE,FALSE,NA,POINT (-73.9538251716292 40.7919360198175),NA,19,4,19,13
-73.9693504617353,40.7830678709405,21B-PM-1017-02,21B,PM,10172018,2,Juvenile,Cinnamon,White,Cinnamon+White,NA,Above Ground,1,NA,FALSE,TRUE,FALSE,FALSE,FALSE,NA,FALSE,TRUE,FALSE,FALSE,FALSE,FALSE,FALSE,FALSE,stood on hind legs with front legs on the chest,POINT (-73.9693504617353 40.7830678709405),NA,19,4,19,13
-73.9631089011412,40.789191946875,29C-PM-1006-02,29C,PM,10062018,2,Adult,Gray,Cinnamon,Gray+Cinnamon,NA,Ground Plane,FALSE,NA,FALSE,TRUE,FALSE,FALSE,FALSE,NA,FALSE,FALSE,FALSE,FALSE,FALSE,FALSE,FALSE,FALSE,NA,POINT (-73.9631089011412 40.789191946875),NA,19,4,19,13
-73.9561840935803,40.799203782149696,42C-PM-1013-05,42C,PM,10132018,5,Adult,Gray,NA,Gray+,NA,Above Ground,20,NA,FALSE,FALSE,FALSE,TRUE,FALSE,NA,TRUE,FALSE,FALSE,FALSE,FALSE,FALSE,TRUE,FALSE,NA,POINT (-73.9561840935803 40.7992037821497),NA,19,4,19,13
-73.9620964576469,40.7917332001738,32C-PM-1013-01,32C,PM,10132018,1,Adult,Gray,NA,Gray+,NA,Ground Plane,FALSE,NA,FALSE,FALSE,FALSE,FALSE,TRUE,NA,FALSE,FALSE,FALSE,FALSE,FALSE,FALSE,FALSE,FALSE,NA,POINT (-73.9620964576469 40.7917332001738),NA,19,4,19,13
-73.9713330594434,40.7771924214236,14D-AM-1014-10,14D,AM,10142018,10,Adult,Gray,"Cinnamon, White","Gray+Cinnamon, White",NA,Ground Plane,FALSE,NA,FALSE,FALSE,FALSE,FALSE,TRUE,NA,FALSE,FALSE,FALSE,FALSE,FALSE,FALSE,TRUE,FALSE,NA,POINT (-73.9713330594434 40.7771924214236),NA,19,4,19,13
-73.9663297144622,40.7837932023685,22D-PM-1012-03,22D,PM,10122018,3,Adult,Gray,"Black, White","Gray+Black, White",NA,Ground Plane,FALSE,NA,FALSE,FALSE,FALSE,FALSE,TRUE,NA,FALSE,FALSE,FALSE,FALSE,FALSE,FALSE,TRUE,FALSE,NA,POINT (-73.9663297144622 40.7837932023685),NA,19,4,19,13
-73.9603597117619,40.7824399298414,23I-PM-1019-02,23I,PM,10192018,2,Adult,Gray,NA,Gray+,NA,Ground Plane,FALSE,NA,FALSE,FALSE,TRUE,FALSE,FALSE,NA,FALSE,FALSE,FALSE,FALSE,FALSE,FALSE,FALSE,FALSE,NA,POINT (-73.9603597117619 40.7824399298414),NA,19,4,19,13
-73.9787040192473,40.7679010247281,2C-AM-1010-06,02C,AM,10102018,6,Adult,Gray,NA,Gray+,NA,Ground Plane,FALSE,NA,FALSE,FALSE,FALSE,FALSE,FALSE,stood still & watched me then jumped on a fence and ran away,FALSE,FALSE,FALSE,FALSE,FALSE,FALSE,TRUE,TRUE,NA,POINT (-73.9787040192473 40.7679010247281),NA,19,4,19,13
-73.9724879969884,40.771098202397,8F-PM-1012-07,08F,PM,10122018,7,Adult,Gray,Cinnamon,Gray+Cinnamon,NA,Above Ground,17,NA,FALSE,FALSE,TRUE,FALSE,FALSE,gathering,FALSE,FALSE,FALSE,FALSE,FALSE,FALSE,FALSE,FALSE,NA,POINT (-73.9724879969884 40.771098202397),NA,19,4,19,13
-73.9706903740547,40.7726873760687,10G-AM-1006-07,10G,AM,10062018,7,Adult,Gray,NA,Gray+,NA,Ground Plane,FALSE,NA,FALSE,FALSE,FALSE,TRUE,FALSE,NA,FALSE,FALSE,FALSE,FALSE,TRUE,FALSE,TRUE,FALSE,NA,POINT (-73.9706903740547 40.77268737606871),NA,19,4,19,13
-73.9688454483585,40.7845301288163,22A-AM-1008-05,22A,AM,10082018,5,Adult,Gray,White,Gray+White,NA,Above Ground,3,trash can,FALSE,FALSE,FALSE,TRUE,FALSE,NA,FALSE,FALSE,FALSE,TRUE,FALSE,FALSE,FALSE,TRUE,NA,POINT (-73.9688454483585 40.7845301288163),NA,19,4,19,13
-73.9754836796706,40.7738879545412,9B-PM-1013-01,09B,PM,10132018,1,Juvenile,Gray,Cinnamon,Gray+Cinnamon,NA,Ground Plane,FALSE,NA,FALSE,FALSE,FALSE,FALSE,FALSE,playing,FALSE,FALSE,FALSE,FALSE,TRUE,FALSE,TRUE,FALSE,NA,POINT (-73.9754836796706 40.7738879545412),NA,19,4,19,13
-73.968367485157,40.7838472644815,22B-PM-1014-05,22B,PM,10142018,5,NA,Gray,Cinnamon,Gray+Cinnamon,NA,Ground Plane,FALSE,NA,FALSE,FALSE,FALSE,TRUE,FALSE,eating (eats with head tilted far to the right (tooth issue?)),FALSE,FALSE,FALSE,FALSE,FALSE,FALSE,FALSE,FALSE,NA,POINT (-73.968367485157 40.7838472644815),NA,19,4,19,13
-73.9753818829907,40.7697840986163,5D-PM-1018-06,05D,PM,10182018,6,Adult,Gray,NA,Gray+,NA,Ground Plane,FALSE,NA,FALSE,FALSE,FALSE,FALSE,TRUE,NA,FALSE,FALSE,FALSE,FALSE,FALSE,FALSE,TRUE,FALSE,NA,POINT (-73.9753818829907 40.7697840986163),NA,19,4,19,13
-73.9588358879692,40.7912631913057,33E-PM-1012-01,33E,PM,10122018,1,Adult,Gray,White,Gray+White,NA,Ground Plane,FALSE,NA,FALSE,FALSE,FALSE,TRUE,TRUE,NA,FALSE,FALSE,FALSE,FALSE,FALSE,FALSE,FALSE,TRUE,NA,POINT (-73.9588358879692 40.7912631913057),NA,19,4,19,13
-73.9728654439465,40.7724853142211,9E-AM-1008-04,09E,AM,10082018,4,Adult,Gray,White,Gray+White,NA,Ground Plane,FALSE,NA,FALSE,FALSE,FALSE,TRUE,FALSE,NA,FALSE,FALSE,FALSE,FALSE,FALSE,FALSE,TRUE,FALSE,NA,POINT (-73.9728654439465 40.7724853142211),NA,19,4,19,13
-73.9642411990432,40.7779692777193,18H-PM-1014-03,18H,PM,10142018,3,Adult,Gray,Cinnamon,Gray+Cinnamon,NA,Ground Plane,FALSE,NA,FALSE,FALSE,FALSE,FALSE,TRUE,NA,FALSE,FALSE,FALSE,TRUE,FALSE,FALSE,TRUE,FALSE,NA,POINT (-73.9642411990432 40.7779692777193),NA,19,4,19,13
-73.9549860947234,40.7911550328309,34H-PM-1006-07,34H,PM,10062018,7,Juvenile,Gray,White,Gray+White,white belly,Above Ground,20,NA,FALSE,FALSE,TRUE,FALSE,FALSE,NA,FALSE,FALSE,FALSE,FALSE,FALSE,FALSE,FALSE,TRUE,NA,POINT (-73.9549860947234 40.7911550328309),NA,19,4,19,13
-73.9714637683084,40.7768984561563,14D-PM-1019-01,14D,PM,10192018,1,Adult,Gray,NA,Gray+,NA,Ground Plane,FALSE,NA,FALSE,TRUE,FALSE,FALSE,FALSE,NA,FALSE,FALSE,FALSE,FALSE,FALSE,FALSE,FALSE,FALSE,NA,POINT (-73.9714637683084 40.7768984561563),NA,19,4,19,13
-73.966590487009,40.7802469052891,19E-PM-1018-02,19E,PM,10182018,2,Adult,Gray,White,Gray+White,NA,Ground Plane,FALSE,NA,TRUE,FALSE,TRUE,FALSE,FALSE,NA,FALSE,FALSE,FALSE,TRUE,FALSE,FALSE,FALSE,FALSE,NA,POINT (-73.96659048700901 40.7802469052891),NA,19,4,19,13
-73.9679309130266,40.7792437838039,17E-AM-1017-04,17E,AM,10172018,4,Adult,Gray,NA,Gray+,NA,Ground Plane,FALSE,Shore,FALSE,FALSE,FALSE,FALSE,TRUE,NA,FALSE,FALSE,FALSE,FALSE,FALSE,FALSE,FALSE,FALSE,NA,POINT (-73.9679309130266 40.779243783803906),NA,19,4,19,13
-73.9734762649298,40.7663703404546,3H-AM-1008-05,03H,AM,10082018,5,Adult,Gray,Cinnamon,Gray+Cinnamon,NA,Above Ground,13,NA,FALSE,FALSE,TRUE,FALSE,FALSE,NA,FALSE,FALSE,FALSE,FALSE,TRUE,FALSE,FALSE,FALSE,NA,POINT (-73.9734762649298 40.7663703404546),NA,19,4,19,13
-73.9617612388703,40.7952875954297,35A-AM-1014-04,35A,AM,10142018,4,Adult,Gray,"Cinnamon, White","Gray+Cinnamon, White",NA,Ground Plane,FALSE,NA,FALSE,FALSE,FALSE,FALSE,TRUE,NA,FALSE,FALSE,FALSE,FALSE,FALSE,FALSE,TRUE,FALSE,NA,POINT (-73.9617612388703 40.7952875954297),NA,19,4,19,13
-73.9546042927016,40.7898133734952,33I-PM-1006-07,33I,PM,10062018,7,Adult,Gray,NA,Gray+,NA,Ground Plane,FALSE,NA,TRUE,FALSE,FALSE,FALSE,FALSE,NA,FALSE,FALSE,FALSE,FALSE,FALSE,FALSE,FALSE,TRUE,NA,POINT (-73.9546042927016 40.7898133734952),NA,19,4,19,13
-73.9744368038675,40.7674281958115,3G-PM-1013-03,03G,PM,10132018,3,Adult,Gray,NA,Gray+,NA,Ground Plane,FALSE,NA,FALSE,FALSE,TRUE,FALSE,FALSE,NA,FALSE,FALSE,FALSE,FALSE,FALSE,FALSE,FALSE,TRUE,runs from (climbed tree to run from),POINT (-73.97443680386752 40.7674281958115),NA,19,4,19,13
-73.9700785314537,40.777714111862,15D-AM-1007-01,15D,AM,10072018,1,Adult,Gray,NA,Gray+,NA,Ground Plane,FALSE,NA,FALSE,FALSE,FALSE,FALSE,TRUE,NA,FALSE,FALSE,FALSE,FALSE,FALSE,FALSE,TRUE,FALSE,NA,POINT (-73.9700785314537 40.777714111862),NA,19,4,19,13
-73.956737220098,40.797580989255,40C-PM-1006-01,40C,PM,10062018,1,Adult,Gray,NA,Gray+,NA,Ground Plane,FALSE,NA,TRUE,FALSE,FALSE,FALSE,FALSE,NA,FALSE,FALSE,FALSE,FALSE,FALSE,FALSE,FALSE,FALSE,NA,POINT (-73.95673722009802 40.797580989255),NA,19,4,19,13
-73.9708002461415,40.7726685284831,10F-PM-1019-10,10F,PM,10192018,10,Adult,Gray,Cinnamon,Gray+Cinnamon,NA,Ground Plane,FALSE,Arbor path & hill w/ bushes,TRUE,FALSE,FALSE,TRUE,TRUE,NA,FALSE,FALSE,FALSE,FALSE,TRUE,FALSE,TRUE,FALSE,NA,POINT (-73.9708002461415 40.7726685284831),NA,19,4,19,13
-73.973998077367,40.7739029133911,10C-PM-1013-01,10C,PM,10132018,1,Adult,Gray,Cinnamon,Gray+Cinnamon,NA,Ground Plane,FALSE,NA,FALSE,FALSE,FALSE,FALSE,TRUE,NA,FALSE,FALSE,FALSE,FALSE,TRUE,FALSE,FALSE,TRUE,NA,POINT (-73.973998077367 40.7739029133911),NA,19,4,19,13
-73.9694066600156,40.7805662180672,18C-PM-1018-06,18C,PM,10182018,6,Juvenile,Gray,"Cinnamon, White","Gray+Cinnamon, White",NA,Above Ground,1,NA,FALSE,FALSE,TRUE,TRUE,TRUE,NA,FALSE,FALSE,FALSE,FALSE,FALSE,FALSE,TRUE,FALSE,NA,POINT (-73.9694066600156 40.7805662180672),NA,19,4,19,13
-73.9545399102352,40.7898646267709,33I-PM-1006-06,33I,PM,10062018,6,Adult,Gray,NA,Gray+,NA,Ground Plane,FALSE,NA,TRUE,FALSE,FALSE,FALSE,FALSE,NA,FALSE,FALSE,FALSE,FALSE,FALSE,FALSE,FALSE,TRUE,NA,POINT (-73.9545399102352 40.7898646267709),NA,19,4,19,13
-73.9747175419546,40.7692820030878,5E-PM-1012-05,05E,PM,10122018,5,Adult,Cinnamon,"Gray, White","Cinnamon+Gray, White",NA,Ground Plane,FALSE,NA,TRUE,FALSE,FALSE,FALSE,TRUE,NA,FALSE,FALSE,FALSE,FALSE,FALSE,TRUE,FALSE,FALSE,begging,POINT (-73.9747175419546 40.7692820030878),NA,19,4,19,13
-73.9730813162152,40.7779315720879,14B-AM-1007-02,14B,AM,10072018,2,Adult,Gray,NA,Gray+,NA,Ground Plane,FALSE,NA,FALSE,FALSE,FALSE,FALSE,TRUE,NA,FALSE,FALSE,FALSE,FALSE,FALSE,FALSE,TRUE,FALSE,NA,POINT (-73.9730813162152 40.7779315720879),NA,19,4,19,13
-73.9562350820255,40.7913464147989,34G-PM-1006-02,34G,PM,10062018,2,Adult,Gray,NA,Gray+,NA,Above Ground,6,NA,FALSE,FALSE,TRUE,TRUE,TRUE,eating bread it found on ground,FALSE,FALSE,FALSE,FALSE,FALSE,FALSE,FALSE,TRUE,NA,POINT (-73.9562350820255 40.7913464147989),NA,19,4,19,13
-73.97016933635,40.7705452529783,8H-AM-1017-05,08H,AM,10172018,5,Adult,Gray,Cinnamon,Gray+Cinnamon,NA,Above Ground,6,NA,TRUE,FALSE,FALSE,TRUE,TRUE,NA,FALSE,FALSE,FALSE,FALSE,FALSE,FALSE,TRUE,FALSE,NA,POINT (-73.97016933635001 40.7705452529783),NA,19,4,19,13
-73.9714921188372,40.776758371867,14D-AM-1014-11,14D,AM,10142018,11,Adult,Gray,"Cinnamon, White","Gray+Cinnamon, White",NA,Ground Plane,FALSE,NA,FALSE,FALSE,FALSE,FALSE,TRUE,NA,FALSE,FALSE,FALSE,FALSE,FALSE,FALSE,TRUE,FALSE,NA,POINT (-73.9714921188372 40.776758371867),NA,19,4,19,13
-73.9767220179725,40.7753262103123,10A-PM-1014-03,10A,PM,10142018,3,Adult,Gray,"Black, Cinnamon, White","Gray+Black, Cinnamon, White",NA,Above Ground,NA,above my head in tree,FALSE,FALSE,FALSE,TRUE,FALSE,eating (in a tree),FALSE,FALSE,FALSE,FALSE,FALSE,FALSE,TRUE,FALSE,"indifferent (lots of people taking its picture,didn't bother it)",POINT (-73.9767220179725 40.7753262103123),12420,20,4,19,12
-73.9553811810434,40.7970895007931,40E-AM-1014-02,40E,AM,10142018,2,Adult,Gray,White,Gray+White,NA,Ground Plane,FALSE,NA,TRUE,FALSE,FALSE,FALSE,TRUE,NA,FALSE,FALSE,FALSE,FALSE,TRUE,FALSE,TRUE,FALSE,NA,POINT (-73.9553811810434 40.7970895007931),NA,19,4,19,13
-73.9611274898661,40.7915250069086,32C-AM-1014-05,32C,AM,10142018,5,Adult,Cinnamon,NA,Cinnamon+,NA,Ground Plane,FALSE,NA,FALSE,FALSE,FALSE,TRUE,TRUE,NA,FALSE,FALSE,FALSE,FALSE,FALSE,FALSE,TRUE,FALSE,NA,POINT (-73.9611274898661 40.7915250069086),NA,19,4,19,13
-73.9679955831115,40.7818431607916,20C-PM-1018-04,20C,PM,10182018,4,Adult,Gray,NA,Gray+,NA,Above Ground,8,NA,FALSE,FALSE,TRUE,FALSE,FALSE,NA,FALSE,FALSE,FALSE,FALSE,FALSE,FALSE,FALSE,FALSE,NA,POINT (-73.9679955831115 40.7818431607916),NA,19,4,19,13
-73.9558589529608,40.7892400394941,32H-PM-1006-02,32H,PM,10062018,2,NA,Gray,NA,Gray+,NA,Above Ground,8,NA,FALSE,FALSE,TRUE,FALSE,FALSE,NA,FALSE,FALSE,FALSE,FALSE,FALSE,FALSE,FALSE,FALSE,NA,POINT (-73.9558589529608 40.7892400394941),NA,19,4,19,13
-73.9672054610151,40.7876519923501,26A-PM-1006-05,26A,PM,10062018,5,Adult,Gray,NA,Gray+,NA,Above Ground,40,NA,FALSE,TRUE,FALSE,FALSE,FALSE,NA,FALSE,FALSE,FALSE,FALSE,TRUE,FALSE,FALSE,FALSE,NA,POINT (-73.9672054610151 40.7876519923501),NA,19,4,19,13
-73.9683041099256,40.7862652300082,24A-AM-1014-01,24A,AM,10142018,1,Adult,Gray,White,Gray+White,NA,Ground Plane,FALSE,NA,TRUE,FALSE,FALSE,FALSE,FALSE,NA,FALSE,FALSE,FALSE,FALSE,FALSE,FALSE,FALSE,FALSE,freezes,POINT (-73.9683041099256 40.7862652300082),NA,19,4,19,13
